lote,rtt_sync,rtt_async
100,12.915676434834799,325.2338719367981
200,14.859833319981893,367.0633276303609
300,16.24606450398763,422.98902379141913
