lote,rtt_promedio
10,17.865880330403645
50,17.561108271280926
100,13.969713052113852
200,13.811413447062174
300,15.530727704366049
