lote,rtt_promedio
10,18.285377820332844
50,16.648976008097332
100,16.906330585479736
200,16.994717518488567
300,16.242130862341988
